,species,genus,family,order,german_name,comment,status
3,jamaicensis,oxyura,anatidae,anseriformes,Schwarzkopf-Ruderente,,
4,leucocephala,oxyura,anatidae,anseriformes,Weißkopf-Ruderente,,Ausnahmeerscheinung
5,olor,cygnus,anatidae,anseriformes,Höckerschwan,,"Brut-, Jahres-, Zugvogel, Wintergast"
6,cygnus,cygnus,anatidae,anseriformes,Singschwan,RL R,"Brut-, Jahres-, Zugvogel, Wintergast"
7,columbianus,cygnus,anatidae,anseriformes,Pfeifschwan,,besondere Ausnahmeerscheinung
8,bewickii,cygnus,anatidae,anseriformes,Zwergschwan,,"Zugvogel, Wintergast"
9,ruficollis,branta,anatidae,anseriformes,Rothalsgans,,
10,bernicla,branta,anatidae,anseriformes,Ringelgans,,"Zugvogel, Wintergast"
11,canadensis,branta,anatidae,anseriformes,Kanadagans,,"Brut-, Jahresvogel, Wintergast"
12,leucopsis,branta,anatidae,anseriformes,Weißwangengans,,"Brut-, Jahresvogel, Wintergast"
13,fabalis,anser,anatidae,anseriformes,Saatgans,,
14,brachyrhynchus,anser,anatidae,anseriformes,Kurzschnabelgans,,
15,erythropus,anser,anatidae,anseriformes,Zwerggans,,seltener Zugvogel und Wintergast
16,albifrons,anser,anatidae,anseriformes,Blässgans,,
17,anser,anser,anatidae,anseriformes,Graugans,,"Brut-, Jahres-, Zugvogel, Wintergast"
18,aegyptiaca,alopochen,anatidae,anseriformes,Nilgans,,"Brut-, Jahresvogel"
19,tadorna,tadorna,anatidae,anseriformes,Brandgans,,"Brut-, Jahres-, Zugvogel, Wintergast"
20,ferruginea,tadorna,anatidae,anseriformes,Rostgans,,"Brut-, Jahresvogel"
21,galericulata,aix,anatidae,anseriformes,Mandarinente,,"Brut-, Jahresvogel"
22,angustirostris,marmaronetta,anatidae,anseriformes,Marmelente,,besondere Ausnahmeerscheinung
23,strepera,anas,anatidae,anseriformes,Schnatterente,,"Brut-, Jahres-, Zugvogel, Wintergast"
24,penelope penelope,anas,anatidae,anseriformes,Pfeifente,RL R,"Brut-, Jahres-, Zugvogel, Wintergast"
25,penelope americana,anas,anatidae,anseriformes,Kanadapfeifente,,Ausnahmeerscheinung
26,crecca crecca,anas,anatidae,anseriformes,Krickente,RL 3,"Brut-, Jahres-, Zugvogel, Wintergast"
27,crecca carolinensis,anas,anatidae,anseriformes,Carolinakrickente,vgl. Artikel Krickente,Ausnahmeerscheinung
28,platyrhynchos,anas,anatidae,anseriformes,Stockente,,"Brut-, Jahres-, Zugvogel, Wintergast"
29,acuta,anas,anatidae,anseriformes,Spießente,RL 3,"Brut-, Jahres-, Zugvogel, Wintergast"
30,querquedula,anas,anatidae,anseriformes,Knäkente,RL 2,"Brut-, Zugvogel"
31,discors,anas,anatidae,anseriformes,Blauflügelente,,Ausnahmeerscheinung
32,clypeata,anas,anatidae,anseriformes,Löffelente,RL 3,"Brut-, Jahres-, Zugvogel, Wintergast"
33,rufina,netta,anatidae,anseriformes,Kolbenente,,"Brut-, Jahres-, Zugvogel, Wintergast"
34,nyroca,aythya,anatidae,anseriformes,Moorente,RL 1,"Brutvogel, seltener Zugvogel und Wintergast"
35,ferina,aythya,anatidae,anseriformes,Tafelente,,"Brut-, Jahres-, Zugvogel, Wintergast"
36,collaris,aythya,anatidae,anseriformes,Ringschnabelente,,Ausnahmeerscheinung
37,fuligula,aythya,anatidae,anseriformes,Reiherente,,"Brut-, Jahres-, Zugvogel, Wintergast"
38,marila,aythya,anatidae,anseriformes,Bergente,RL R,"Brut-, Jahres-, Zugvogel, Wintergast"
39,stelleri,polysticta,anatidae,anseriformes,Scheckente,,Ausnahmeerscheinung
40,spectabilis,somateria,anatidae,anseriformes,Prachteiderente,,Ausnahmeerscheinung
41,mollissima,somateria,anatidae,anseriformes,Eiderente,,"Brut-, Jahres-, Zugvogel, Wintergast"
42,histrionicus,histrionicus,anatidae,anseriformes,Kragenente,,besondere Ausnahmeerscheinung
43,hyemalis,clanguls,anatidae,anseriformes,Eisente,,"Zugvogel, Wintergast"
44,nigra nigra,melanitta,anatidae,anseriformes,Trauerente,,"Zugvogel, Wintergast"
45,nigra americana,melanitta,anatidae,anseriformes,Pazifiktrauerente,vgl. Artikel Trauerente,besondere Ausnahmeerscheinung
46,perspicillata,melanitta,anatidae,anseriformes,Brillenente,,besondere Ausnahmeerscheinung
47,fusca,melanitta,anatidae,anseriformes,Samtente,,"Zugvogel, Wintergast"
48,islandica,bucephala,anatidae,anseriformes,Spatelente,,besondere Ausnahmeerscheinung
49,clangula,bucephala,anatidae,anseriformes,Schellente,,"Brut-, Zugvogel, Wintergast"
50,albellus,mergus,anatidae,anseriformes,Zwergsäger,,"Zugvogel, Wintergast"
51,merganser,mergus,anatidae,anseriformes,Gänsesäger,RL 2,"Brut-, Zugvogel, Wintergast"
52,serrator,mergus,anatidae,anseriformes,Mittelsäger,,"Brut-, Zugvogel, Wintergast"
3,coturnix,coturnix,phasianidae,galliformes,Wachtel,,"Brut-, Zugvogel, Wintergast"
4,graeca,alectoris,phasianidae,galliformes,Steinhuhn,RL 0,
5,colchicus,phasianus,phasianidae,galliformes,Jagdfasan,,"Brut-, Jahresvogel"
6,perdix,perdix,phasianidae,galliformes,Rebhuhn,RL 2,"Brut-, Jahresvogel"
7,bonasia,tetrastes,phasianidae,galliformes,Haselhuhn,RL 2,"Brut-, Jahresvogel"
8,muta,lagopus,phasianidae,galliformes,Alpenschneehuhn,RL R,"Brut-, Jahresvogel"
9,tetrix,tetrao,phasianidae,galliformes,Birkhuhn,RL 2,"Brut-, Jahresvogel"
10,urogallus,tetrao,phasianidae,galliformes,Auerhuhn,RL 1,"Brut-, Jahresvogel"
4,ruficollis,tachybaptus,podicipedidae,podicipediformes,Zwergtaucher,,"Brut-, Jahres-, Zugvogel, Wintergast"
5,cristatus,podiceps,podicipedidae,podicipediformes,Haubentaucher,,"Brut-, Jahres-, Zugvogel, Wintergast"
6,grisegena,podiceps,podicipedidae,podicipediformes,Rothalstaucher,,"Brut-, Jahres-, Zugvogel, Wintergast"
7,auritus,podiceps,podicipedidae,podicipediformes,Ohrentaucher,,"Brut-, Zugvogel, Wintergast"
8,nigricollis,podiceps,podicipedidae,podicipediformes,Schwarzhalstaucher,,"Brut-, Jahres-, Zugvogel, seltener Wintergast"
4,arctica,gavia,gaviidae,gaviiformes,Prachttaucher,,"Zugvogel, Wintergast"
5,immer,gavia,gaviidae,gaviiformes,Eistaucher,,
6,adamsii,gavia,gaviidae,gaviiformes,Gelbschnabeltaucher,,Ausnahmeerscheinung
4,leucorhoa,oceanodroma,hydrobatidae,procellariiformes,Wellenläufer,,
4,gravis,puffinus,procellariidae,procellariiformes,Großer Sturmtaucher,,besondere Ausnahmeerscheinung
5,diomedea,puffinus,procellariidae,procellariiformes,Sepiasturmtaucher,,Ausnahmeerscheinung
6,griseus,puffinus,procellariidae,procellariiformes,Dunkler Sturmtaucher,,
7,puffinus,puffinus,procellariidae,procellariiformes,Atlantiksturmtaucher,,Ausnahmeerscheinung
8,mauretanicus,puffinus,procellariidae,procellariiformes,Balearensturmtaucher,,Ausnahmeerscheinung
9,assimilis,puffinus,procellariidae,procellariiformes,Kleiner Sturmtaucher,,besondere Ausnahmeerscheinung
4,crispus,pelecanus,pelecanidae,pelecaniformes,Krauskopfpelikan,[9],besondere Ausnahmeerscheinung
4,aristotelis,phalacrocorax,phalacrocoracidae,suliformes,Krähenscharbe,,Ausnahmeerscheinung
5,pygmeus,phalacrocorax,phalacrocoracidae,suliformes,Zwergscharbe,,Ausnahmeerscheinung
4,leucorodia,platalea,threskiornithidae,pelecaniformes,Löffler,RL R,"Brut-, Zugvogel"
3,stellaris,botaurus,ardeidae,pelecaniformes,Rohrdommel,RL 2,"Brut-, Jahres-, Zugvogel, Wintergast"
4,minutus,ixobrychus,ardeidae,pelecaniformes,Zwergdommel,RL 1,"Brut-, Zugvogel"
5,nycticorax,nycticorax,ardeidae,pelecaniformes,Nachtreiher,RL 1,"Brutvogel, seltener Zugvogel"
6,ralloides,ardeola,ardeidae,pelecaniformes,Rallenreiher,,Ausnahmeerscheinung
7,albus,casmerodius,ardeidae,pelecaniformes,Silberreiher,,"Zuvogel, Wintergast"
8,cinerea,ardea,ardeidae,pelecaniformes,Graureiher,,"Brut-, Jahres-, Zugvogel, Wintergast"
9,purpurea,ardea,ardeidae,pelecaniformes,Purpurreiher,RL R,"Brutvogel, seltener Zugvogel"
10,garzetta,egretta,ardeidae,pelecaniformes,Seidenreiher,,"Ausnahmeerscheinung, seltener Zugvogel"
11,thula,egretta,ardeidae,pelecaniformes,Schmuckreiher,,
3,nigra,ciconia,ciconiidae,ciconiiformes,Schwarzstorch,,"Brut-, Zugvogel"
4,ciconia,ciconia,ciconiidae,ciconiiformes,Weißstorch,RL 3,"Brut-, Zugvogel, seltener Jahresvogel"
3,haliaetus,pandion,pandionidae,accipitriformes,Fischadler,RL 3,
3,caeruleus,elanus,accipitridae,accipitriformes,Gleitaar,,
4,barbatus,gypaetus,accipitridae,accipitriformes,Bartgeier,,
5,percnopterus,neophron,accipitridae,accipitriformes,Schmutzgeier,,
6,apivorus,pernis,accipitridae,accipitriformes,Wespenbussard,RL V,
7,gallicus,circaetus,accipitridae,accipitriformes,Schlangenadler,RL 0,
8,monachus,aegypius,accipitridae,accipitriformes,Mönchsgeier,,
9,fulvus,gyps,accipitridae,accipitriformes,Gänsegeier,RL 0,
10,clanga,aquila,accipitridae,accipitriformes,Schelladler,RL R,
11,pomarina,aquila,accipitridae,accipitriformes,Schreiadler,RL 1,
12,pennata,aquila,accipitridae,accipitriformes,Zwergadler,,
13,chrysaetos,aquila,accipitridae,accipitriformes,Steinadler,RL 2,
14,fasciata,aquila,accipitridae,accipitriformes,Habichtsadler,,
15,nipalensis,aquila,accipitridae,accipitriformes,Steppenadler,,
16,heliaca,aquila,accipitridae,accipitriformes,Kaiseradler,,
17,macrourus,circus,accipitridae,accipitriformes,Steppenweihe,,
18,cyaneus,circus,accipitridae,accipitriformes,Kornweihe,RL 2,
19,pygargus,circus,accipitridae,accipitriformes,Wiesenweihe,RL 2,
20,aeroginosus,circus,accipitridae,accipitriformes,Rohrweihe,,
21,gentilis,accipiter,accipitridae,accipitriformes,Habicht,,
22,nisus,accipiter,accipitridae,accipitriformes,Sperber,,
23,milvus,milvus,accipitridae,accipitriformes,Rotmilan,,
24,migrans,milvus,accipitridae,accipitriformes,Schwarzmilan,,
25,albicilla,haliaeetus,accipitridae,accipitriformes,Seeadler,,
26,lagopus,buteo,accipitridae,accipitriformes,Raufußbussard,,
27,buteo,buteo,accipitridae,accipitriformes,Mäusebussard,,
28,rufinus,buteo,accipitridae,accipitriformes,Adlerbussard,,
3,columbarius,falco,falconidae,falconiformes,Merlin,,
4,vespertinus,falco,falconidae,falconiformes,Rotfußfalke,,
5,subbuteo,falco,falconidae,falconiformes,Baumfalke,RL 3,
6,eleonorae,falco,falconidae,falconiformes,Eleonorenfalke,,
7,peregrinus,falco,falconidae,falconiformes,Wanderfalke,,
8,rusticolus,falco,falconidae,falconiformes,Gerfalke,,
9,cherrug,falco,falconidae,falconiformes,Würgfalke,,
10,tinnunculus,falco,falconidae,falconiformes,Turmfalke,,
11,naumanni,falco,falconidae,falconiformes,Rötelfalke,,
3,virgo,grus,gruidae,gruiformes,Jungfernkranich,,
4,grus,grus,gruidae,gruiformes,Kranich,,
3,tetrax,tetrax,otididae,otidiformes,Zwergtrappe,RL 0,
4,tarda,otis,otididae,otidiformes,Großtrappe,RL 1,
5,macqueenii,chlamydotis,otididae,otidiformes,Steppenkragentrappe,,
3,aquaticus,rallus,rallidae,gruiformes,Wasserralle,RL V,
4,crex,crex,rallidae,gruiformes,Wachtelkönig,RL 2,
5,porzana,porzana,rallidae,gruiformes,Tüpfelsumpfhuhn,RL 1,
6,parva,porzana,rallidae,gruiformes,Kleines Sumpfhuhn,RL 1,
7,pusilla,porzana,rallidae,gruiformes,Zwergsumpfhuhn,RL 0,
8,alleni,porphyrio,rallidae,gruiformes,Bronzesultanshuhn,,
9,porphyrio,porphyrio,rallidae,gruiformes,Purpurhuhn,,
10,chloropus,gallinula,rallidae,gruiformes,Teichhuhn,RL V,
11,atra,fulica,rallidae,gruiformes,Blässhuhn,,
3,oedicnemus,burhinus,burhinidae,charadriiformes,Triel,RL 0,
3,ostralegus,haematopus,haematopodidae,charadriiformes,Austernfischer,,
3,himantopus,himantopus,recurvirostridae,charadriiformes,Stelzenläufer,,
4,avosetta,recurvirostra,recurvirostridae,charadriiformes,Säbelschnäbler,,
3,squatarola,pluvialis,charadriidae,charadriiformes,Kiebitzregenpfeifer,,
4,apricaria,pluvialis,charadriidae,charadriiformes,Goldregenpfeifer,RL 1,
5,dominica,pluvialis,charadriidae,charadriiformes,Prärie-Goldregenpfeifer,,
6,fulva,pluvialis,charadriidae,charadriiformes,Tundra-Goldregenpfeifer,,
7,vanellus,vanellus,charadriidae,charadriiformes,Kiebitz,RL 2,
8,gregarius,vanellus,charadriidae,charadriiformes,Steppenkiebitz,,
9,leucurus,vanellus,charadriidae,charadriiformes,Weißschwanzkiebitz,,
10,dubius,charadrius,charadriidae,charadriiformes,Flußregenpfeifer,,
11,hiaticula,charadrius,charadriidae,charadriiformes,Sandregenpfeifer,RL 1,
12,alexandrinus,charadrius,charadriidae,charadriiformes,Seeregenpfeifer,RL 1,
13,leschenaultii,charadrius,charadriidae,charadriiformes,Wüstenregenpfeifer,,
14,asiaticus,charadrius,charadriidae,charadriiformes,Wermutregenpfeifer,,
15,morinellus,charadrius,charadriidae,charadriiformes,Mornellregenpfeifer,RL 0,
3,longicauda,bartramia,scolopacidae,charadriiformes,Prärieläufer,,
4,phaeopus,numenius,scolopacidae,charadriiformes,Regenbrachvogel,,
5,tenuirostris,numenius,scolopacidae,charadriiformes,Dünnschnabel-Brachvogel,,
6,arquata,numenius,scolopacidae,charadriiformes,Großer Brachvogel,RL 1,
7,limosa,limosa,scolopacidae,charadriiformes,Uferschnepfe,RL 1,
8,lapponica,limosa,scolopacidae,charadriiformes,Pfuhlschnepfe,,
9,griseus,limnodromus,scolopacidae,charadriiformes,Kleiner Schlammläufer,,
10,scolopaceus,limnodromus,scolopacidae,charadriiformes,Großer Schlammläufer,,
11,rusticola,scolopax,scolopacidae,charadriiformes,Waldschnepfe,RL V,
12,minimus,lymnocryptes,scolopacidae,charadriiformes,Zwergschnepfe,,
13,media,gallinago,scolopacidae,charadriiformes,Doppelschnepfe,RL 0,
14,gallinago,gallinago,scolopacidae,charadriiformes,Bekassine,RL 1,
15,tricolor,phalaropus,scolopacidae,charadriiformes,Wilsonwassertreter,,
16,lobatus,phalaropus,scolopacidae,charadriiformes,Odinshühnchen,,
17,fulicarius,phalaropus,scolopacidae,charadriiformes,Thorshühnchen,,
18,hypoleucos,actitis,scolopacidae,charadriiformes,Flußuferläufer,RL 2,
19,macularius,actitis,scolopacidae,charadriiformes,Drosseluferläufer,,
20,cinereus,xenus,scolopacidae,charadriiformes,Terekwasserläufer,,
21,erythropus,tringa,scolopacidae,charadriiformes,Dunkler Wasserläufer,,
22,totanus,tringa,scolopacidae,charadriiformes,Rotschenkel,RL V,
23,stagnatilis,tringa,scolopacidae,charadriiformes,Teichwasserläufer,,
24,nebularia,tringa,scolopacidae,charadriiformes,Grünschenkel,,
25,flavipes,tringa,scolopacidae,charadriiformes,Kleiner Gelbschenkel,,
26,ochropus,tringa,scolopacidae,charadriiformes,Waldwasserläufer,,
27,glareola,tringa,scolopacidae,charadriiformes,Bruchwasserläufer,RL 1,
28,pugnax,philomachus,scolopacidae,charadriiformes,Kampfläufer,RL 1,
29,interpres,arenaria,scolopacidae,charadriiformes,Steinwälzer,RL 2,
30,falcinellus,limicola,scolopacidae,charadriiformes,Sumpfläufer,,
31,himantopus,calidris,scolopacidae,charadriiformes,Bindenstrandläufer,,
32,subruficollis,tryngites,scolopacidae,charadriiformes,Grasläufer,,
33,tenuirostris,calidris,scolopacidae,charadriiformes,Großer Knutt,,
34,canutus,calidris,scolopacidae,charadriiformes,Knutt,,
35,alba,calidris,scolopacidae,charadriiformes,Sanderling,,
36,pusilla,calidris,scolopacidae,charadriiformes,Sandstrandläufer,,
37,minuta,calidris,scolopacidae,charadriiformes,Zwergstrandläufer,,
38,ruficollis,calidris,scolopacidae,charadriiformes,Rotkehl-Strandläufer,,
39,temminckii,calidris,scolopacidae,charadriiformes,Temminckstrandläufer,,
40,minutilla,calidris,scolopacidae,charadriiformes,Wiesenstrandläufer,,
41,fuscicollis,calidris,scolopacidae,charadriiformes,Weißbürzel-Strandläufer,,
42,bairdii,calidris,scolopacidae,charadriiformes,Baird-Strandläufer,,
43,melanotos,calidris,scolopacidae,charadriiformes,Graubrust-Strandläufer,,
44,ferruginea,calidris,scolopacidae,charadriiformes,Sichelstrandläufer,,
45,maritima,calidris,scolopacidae,charadriiformes,Meerstrandläufer,,
46,alpina,calidris,scolopacidae,charadriiformes,Alpenstrandläufer,RL 1,
3,cursor,cursorius,glareolidae,charadriiformes,Rennvogel,,
4,nordmanni,glareola,glareolidae,charadriiformes,Schwarzflügel-Brachschwalbe,,
5,pratincola,glareola,glareolidae,charadriiformes,Rotflügel-Brachschwalbe,,
3,parasiticus,stercorarius,stercorariidae,charadriiformes,Schmarotzerraubmöwe,,
4,longicaudus,stercorarius,stercorariidae,charadriiformes,Falkenraubmöwe,,
5,pomarinus,stercorarius,stercorariidae,charadriiformes,Spatelraubmöwe,,
6,skua,stercorarius,stercorariidae,charadriiformes,Skua,,
3,arctica,fratercula,alcidae,panalcidae,Papageitaucher,RL 0,
4,alle,alle,alcidae,panalcidae,Krabbentaucher,,
5,torda,alca,alcidae,panalcidae,Tordalk,RL R,
6,aalge,uria,alcidae,panalcidae,Trottellumme,RL R,
7,lomvia,uria,alcidae,panalcidae,Dickschnabellumme,,
8,grylle,cepphus,alcidae,panalcidae,Gryllteiste,,
3,tridactyla,rissa,laridae,charadriiformes,Dreizehenmöwe,RL R,
4,eburnea,pagophila,laridae,charadriiformes,Elfenbeinmöwe,,
5,sabini,xema,laridae,charadriiformes,Schwalbenmöwe,,
6,rosea,rhodostethia,laridae,charadriiformes,Rosenmöwe,,
7,minutus,hydrocoloeus,laridae,charadriiformes,Zwergmöwe,RL R,
8,philadelphia,chroicocephalus,laridae,charadriiformes,Bonapartemöwe,,
9,ridibundus,chroicocephalus,laridae,charadriiformes,Lachmöwe,,
10,genei,chroicocephalus,laridae,charadriiformes,Dünnschnabelmöwe,,
11,atricilla,leucophaeus,laridae,charadriiformes,Aztekenmöwe,,
12,pipixcan,leucophaeus,laridae,charadriiformes,Präriemöwe,,
13,melanocephalus,ichthyaetus,laridae,charadriiformes,Schwarzkopfmöwe,,
14,ichthyaetus,ichthyaetus,laridae,charadriiformes,Fischmöwe,,
15,audouinii,larus,laridae,charadriiformes,Korallenmöwe,,
16,canus,larus,laridae,charadriiformes,Sturmmöwe,,
17,delawarensis,larus,laridae,charadriiformes,Ringschnabelmöwe,,
18,marinus,larus,laridae,charadriiformes,Mantelmöwe,RL R,
19,hyperboreus,larus,laridae,charadriiformes,Eismöwe,,
20,argentatus,larus,laridae,charadriiformes,Silbermöwe,,
21,michahellis,larus,laridae,charadriiformes,Mittelmeermöwe,,
22,cachinnans,larus,laridae,charadriiformes,Steppenmöwe,RL R,
23,fuscus,larus,laridae,charadriiformes,Heringsmöwe,,
24,heuglini,larus,laridae,charadriiformes,Tundramöwe,,
25,smithsonianus,larus,laridae,charadriiformes,Kanadamöwe,,
26,glaucoides,larus,laridae,charadriiformes,Polarmöwe,,
3,stolidus,anous,sternidae,laridae,Noddiseeschwalbe,,
4,fuscata,onychoprion,sternidae,laridae,Rußseeschwalbe,,
5,anaethetus,onychoprion,sternidae,laridae,Zügelseeschwalbe,,
6,albifrons,sternula,sternidae,laridae,Zwergseeschwalbe,RL 1,
7,nilotica,gelochelidon,sternidae,laridae,Lachseeschwalbe,RL 1,
8,caspia,hydroprogne,sternidae,laridae,Raubseeschwalbe,RL 1,
9,hybrida,chlidonias,sternidae,laridae,Weißbart-Seeschwalbe,RL R,
10,leucopterus,chlidonias,sternidae,laridae,Weißflügel-Seeschwalbe,RL 0,
11,niger,chlidonias,sternidae,laridae,Trauerseeschwalbe,RL 1,
12,bengalensis,thalasseus,sternidae,laridae,Rüppellseeschwalbe,,
13,elegans,thalasseus,sternidae,laridae,Schmuckseeschwalbe,,
14,sandvicensis,thalasseus,sternidae,laridae,Brandseeschwalbe,RL 2,
15,hirundo,sterna,sternidae,laridae,Flussseeschwalbe,RL 2,
16,dougallii,sterna,sternidae,laridae,Rosenseeschwalbe,RL 0,
17,paradisaea,sterna,sternidae,laridae,Küstenseeschwalbe,RL 2,
3,paradoxus,syrrhaptes,pteroclidae,pterocliformes,Steppenflughuhn,,
4,orientales,pterocles,pteroclidae,pterocliformes,Sandflughuhn,,
3,livia f. domestica,columba,columbidae,columbiformes,Straßentaube,,
4,oenas,columba,columbidae,columbiformes,Hohltaube,,
5,palumbus,columba,columbidae,columbiformes,Ringeltaube,,
6,decaocto,streptopelia,columbidae,columbiformes,Türkentaube,,
7,turtur,streptopelia,columbidae,columbiformes,Turteltaube,RL 3,
8,orientalis,streptopelia,columbidae,columbiformes,Orientturteltaube,,
3,krameri,psittacula,psittacidae,psittaciformes,Halsbandsittich,,
3,erythropthalmus,coccyzus,cuculidae,cuculiformes,Schwarzschnabelkuckuck,,
4,glandarius,clamator,cuculidae,cuculiformes,Häherkuckuck,,
5,canorus,cuculus,cuculidae,cuculiformes,Kuckuck,RL V,
3,alba,tyto,tytonidae,strigiformes,Schleiereule,,
3,funereus,aegolius,strigidae,strigiformes,Raufußkauz,,
4,noctua,athene,strigidae,strigiformes,Steinkauz,RL 2,
5,ulula,surnia,strigidae,strigiformes,Sperbereule,,
6,passerinum,glaucidium,strigidae,strigiformes,Sperlingskauz,,
7,scops,otus,strigidae,strigiformes,Zwergohreule,,
8,otus,asio,strigidae,strigiformes,Waldohreule,,
9,flammeus,asio,strigidae,strigiformes,Sumpfohreule,RL 1,
10,bubo,bubo,strigidae,strigiformes,Uhu,,
11,scandiacus,bubo,strigidae,strigiformes,Schneeeule,,
12,aluco,strix,strigidae,strigiformes,Waldkauz,,
13,uralensis,strix,strigidae,strigiformes,Habichtskauz,RL R,
3,europaeus,caprimulgus,caprimulgidae,caprimulgiformes,Ziegenmelker,RL 3,
4,aegyptius,caprimulgus,caprimulgidae,caprimulgiformes,Pharaonenziegenmelker,,
3,melba,apus,apodidae,caprimulgiformes,Alpensegler,RL R,
4,apus,apus,apodidae,caprimulgiformes,Mauersegler,,
5,pallidus,apus,apodidae,caprimulgiformes,Fahlsegler,,
6,affinis,apus,apodidae,caprimulgiformes,Haussegler,,
3,garrulus,coracias,coracciidae,,Blauracke,RL 0,
3,atthis,alcedo,alcedinidae,coraciiformes,Eisvogel,,
3,apiaster,merops,meropidae,coraciiformes,Bienenfresser,,
4,persicus,merops,meropidae,coraciiformes,Blauwangenspint,,
3,epops,upupa,upupidae,bucerotiformes,Wiedehopf,RL 2,
3,torquilla,jynx,picidae,piciformes,Wendehals,RL 2,
4,canus,picus,picidae,piciformes,Grauspecht,RL 2,
5,viridis,picus,picidae,piciformes,Grünspecht,,
6,martius,dryocopus,picidae,piciformes,Schwarzspecht,,
7,tridactylus,picoides,picidae,piciformes,Dreizehenspecht,RL 2,
8,major,dendrocopos,picidae,piciformes,Buntspecht,,
9,medius,dendrocopos,picidae,piciformes,Mittelspecht,,
10,minor,dendrocopos,picidae,piciformes,Kleinspecht,RL V,
3,olivaceus,vireo,vireonidae,passeriformes,Rotaugenvireo,,
4,flavifrons,vireo,vireonidae,passeriformes,Gelbkehlvireo,,
3,oriolus,oriolus,oriolidae,passeriformes,Pirol,RL V,
3,senator,lanius,laniidae,passeriformes,Rotkopfwürger,RL 1,
4,minor,lanius,laniidae,passeriformes,Schwarzstirnwürger,RL 0,
5,cristatus,lanius,laniidae,passeriformes,Braunwürger,,
6,isabellinus,lanius,laniidae,passeriformes,Isabellwürger,,
7,collurio,lanius,laniidae,passeriformes,Neuntöter,,
8,2 Lanius excubitor,rl,laniidae,passeriformes,Raubwürger,,
3,graculus,pyrrhocorax,corvidae,passeriformes,Alpendohle,RL R,
4,pyrrhocorax,pyrrhocorax,corvidae,passeriformes,Alpenkrähe,,
5,pica,pica,corvidae,passeriformes,Elster,,
6,glandarius,garrulus,corvidae,passeriformes,Eichelhäher,,
7,caryocatactes,nucifraga,corvidae,passeriformes,Tannenhäher,,
8,monedula,corvus,corvidae,passeriformes,Dohle,,
9,dauuricus,corvus,corvidae,passeriformes,Elsterdohle,,
10,frugilegus,corvus,corvidae,passeriformes,Saatkrähe,,
11,corone,corvus,corvidae,passeriformes,Rabenkrähe,,
12,cornix,corvus,corvidae,passeriformes,Nebelkrähe,,
13,corax,corvus,corvidae,passeriformes,Kolkrabe,,
3,pendulinus,remiz,remizidae,,Beutelmeise,,
3,caeruleus,parus,paridae,passeriformes,Blaumeise,,
4,cyanus,parus,paridae,passeriformes,Lasurmeise,,
5,major,parus,paridae,passeriformes,Kohlmeise,,
6,cristatus,parus,paridae,passeriformes,Haubenmeise,,
7,ater,parus,paridae,passeriformes,Tannenmeise,,
8,palustris,parus,paridae,passeriformes,Sumpfmeise,,
9,montanus,parus,paridae,passeriformes,Weidenmeise,,
3,calandra,melanocorypha,alaudidae,passeriformes,Kalanderlerche,,
4,bimaculata,melanocorypha,alaudidae,passeriformes,Bergkalanderlerche,,
5,leucoptera,melanocorypha,alaudidae,passeriformes,Weißflügellerche,,
6,yeltoniensis,melanocorypha,alaudidae,passeriformes,Mohrenlerche,,
7,brachydactyla,calendrella,alaudidae,passeriformes,Kurzzehenlerche,,
8,rufescens,calendrella,alaudidae,passeriformes,Stummellerche,,
9,cristata,galerida,alaudidae,passeriformes,Haubenlerche,RL 1,
10,arborea,lullula,alaudidae,passeriformes,Heidelerche,RL V,
11,arvensis,alauda,alaudidae,passeriformes,Feldlerche,RL 3,
12,alpestris,eremophila,alaudidae,passeriformes,Ohrenlerche,,
3,riparia,riparia,hirundinidae,passeriformes,Uferschwalbe,,
4,rupestris,ptyonoprogne,hirundinidae,passeriformes,Felsenschwalbe,RL R,
5,rustica,hirundo,hirundinidae,passeriformes,Rauchschwalbe,RL V,
6,urbicum,delichon,hirundinidae,passeriformes,Mehlschwalbe,RL V,
7,daurica,cecropis,hirundinidae,passeriformes,Rötelschwalbe,,
3,biarmicus,panurus,panuridae,,Bartmeise,,
3,caudatus,aegithalos,aegithalidae,,Schwanzmeise,,
3,cetti,cettia,cettiidae,,Seidensänger,,
3,sibilatrix,phylloscopus,phylloscopidae,passeriformes,Waldlaubsänger,,
4,bonelli,phylloscopus,phylloscopidae,passeriformes,Berglaubsänger,,
5,schwarzi,phylloscopus,phylloscopidae,passeriformes,Bartlaubsänger,,
6,fuscatus,phylloscopus,phylloscopidae,passeriformes,Dunkellaubsänger,,
7,trochilus,phylloscopus,phylloscopidae,passeriformes,Fitis,,
8,collybita,phylloscopus,phylloscopidae,passeriformes,Zilpzalp,,
9,ibericus,phylloscopus,phylloscopidae,passeriformes,Iberienzilpzalp,,
10,proregulus,phylloscopus,phylloscopidae,passeriformes,Goldhähnchen-Laubsänger,,
11,inornatus,phylloscopus,phylloscopidae,passeriformes,Gelbbrauen-Laubsänger,,
12,humei,phylloscopus,phylloscopidae,passeriformes,Tienschan-Laubsänger,,
13,trochiloides,phylloscopus,phylloscopidae,passeriformes,Grünlaubsänger,RL R,
14,nitidus,phylloscopus,phylloscopidae,passeriformes,Wacholderlaubsänger,,
15,borealis,phylloscopus,phylloscopidae,passeriformes,Wanderlaubsänger,,
16,coronatus,phylloscopus,phylloscopidae,passeriformes,Kronenlaubsänger,,
3,certhiola,locustella,megaluridae,,Streifenschwirl,,
4,lanceolata,locustella,megaluridae,,Strichelschwirl,,
5,naevia,locustella,megaluridae,,Feldschwirl,RL V,
6,fluviatilis,locustella,megaluridae,,Schlagschwirl,,
7,luscionides,locustella,megaluridae,,Rohrschwirl,,
3,melanopogon,acrocephalus,acrocephalidae,passeriformes,Mariskenrohrsänger,,
4,paludicola,acrocephalus,acrocephalidae,passeriformes,Seggenrohrsänger,RL 1,
5,schoenobaenus,acrocephalus,acrocephalidae,passeriformes,Schilfrohrsänger,RL V,
6,dumetorum,acrocephalus,acrocephalidae,passeriformes,Buschrohrsänger,,
7,palustris,acrocephalus,acrocephalidae,passeriformes,Sumpfrohrsänger,,
8,scirpaceus,acrocephalus,acrocephalidae,passeriformes,Teichrohrsänger,,
9,agricola,acrocephalus,acrocephalidae,passeriformes,Feldrohrsänger,,
10,arundinaceus,acrocephalus,acrocephalidae,passeriformes,Drosselrohrsänger,RL V,
11,pallida,iduna,acrocephalidae,passeriformes,Blassspötter,,
12,caligata,iduna,acrocephalidae,passeriformes,Buschspötter,,
13,rama,iduna,acrocephalidae,passeriformes,Steppenspötter,,
14,icterina,hippolais,acrocephalidae,passeriformes,Gelbspötter,,
15,polyglotta,hippolais,acrocephalidae,passeriformes,Orpheusspötter,,
3,juncidis,cisticola,cisticolidae,,Zistensänger,,
3,atricapilla,sylvia,cisticolidae,,Mönchsgrasmücke,,
4,borin,sylvia,cisticolidae,,Gartengrasmücke,,
5,nisoria,sylvia,cisticolidae,,Sperbergrasmücke,,
6,hortensis,sylvia,cisticolidae,,Orpheusgrasmücke,,
7,curruca,sylvia,cisticolidae,,Klappergrasmücke,,
8,nana,sylvia,cisticolidae,,Wüstengrasmücke,,
9,communis,sylvia,cisticolidae,,Dorngrasmücke,,
10,conspicillata,sylvia,cisticolidae,,Brillengrasmücke,,
11,undata,sylvia,cisticolidae,,Provencegrasmücke,,
12,cantillans,sylvia,cisticolidae,,Weißbart-Grasmücke,,
13,melanocephala,sylvia,cisticolidae,,Samtkopf-Grasmücke,,
3,regulus,regulus,regulidae,,Wintergoldhähnchen,,
4,ignicapilla,regulus,regulidae,,Sommergoldhähnchen,,
3,garrulus,bombycilla,bombycillidae,passeriformes,Seidenschwanz,,
3,muraria,tichodroma,tichodromidae,passeriformes,Mauerläufer,RL R,
3,europaea,sitta,sittidae,passeriformes,Kleiber,,
3,familiaris,certhia,certhiidae,passeriformes,Waldbaumläufer,,
4,brachydactyla,certhia,certhiidae,passeriformes,Gartenbaumläufer,,
3,troglodytes,troglodytes,troglodytidae,passeriformes,Zaunkönig,,
3,carolinensis,dumetella,mimidae,passeriformes,Katzenvogel,,
3,vulgaris,sturnus,sturnidae,passeriformes,Star,,
4,roseus,sturnus,sturnidae,passeriformes,Rosenstar,,
3,cinclus,cinclus,cinclidae,passeriformes,Wasseramsel,,
3,aurea,zoothera,turdidae,passeriformes,Erddrosel,,
4,sibirica,zoothera,turdidae,passeriformes,Schieferdrossel,,
5,guttatus,catharus,turdidae,passeriformes,Einsiedlerdrossel,,
6,ustulatus,catharus,turdidae,passeriformes,Zwergdrossel,,
7,minimus,catharus,turdidae,passeriformes,Grauwangendrossel,,
8,viscivorus,turdus,turdidae,passeriformes,Misteldrossel,,
9,torquatus,turdus,turdidae,passeriformes,Ringdrossel,,
10,merula,turdus,turdidae,passeriformes,Amsel,,
11,obscurus,turdus,turdidae,passeriformes,Weißbrauendrossel,,
12,unicolor,turdus,turdidae,passeriformes,Einfarbdrossel,,
13,naumanni,turdus,turdidae,passeriformes,Rotschwanzdrossel,,
14,eunomus,turdus,turdidae,passeriformes,Rostflügeldrossel,,
15,ruficollis,turdus,turdidae,passeriformes,Rotkehldrossel,,
16,atrogularis,turdus,turdidae,passeriformes,Schwarzkehldrossel,,
17,pallidus,turdus,turdidae,passeriformes,Fahldrossel,,
18,pilaris,turdus,turdidae,passeriformes,Wacholderdrossel,,
19,philomelos,turdus,turdidae,passeriformes,Singdrossel,,
20,iliacus,turdus,turdidae,passeriformes,Rotdrossel,,
21,migratorius,turdus,turdidae,passeriformes,Wanderdrossel,,
3,galactotes,cercotrichas,muscicapidae,passeriformes,Heckensänger,,
4,striata,muscicapa,muscicapidae,passeriformes,Grauschnäpper,,
5,parva,ficedula,muscicapidae,passeriformes,Zwergschnäpper,,
6,hypoleuca,ficedula,muscicapidae,passeriformes,Trauerschnäpper,,
7,albicollis,ficedula,muscicapidae,passeriformes,Halsbandschnäpper,RL 3,
8,saxatilis,monticola,muscicapidae,passeriformes,Steinrötel,RL 1,
9,rubetra,saxicola,muscicapidae,passeriformes,Braunkehlchen,RL 3,
10,rubicola,saxicola,muscicapidae,passeriformes,Schwarzkehlchen,RL V,
11,maurus,saxicola,muscicapidae,passeriformes,Pallasschwarzkehlchen,,
12,rubecula,erithacus,muscicapidae,passeriformes,Rotkehlchen,,
13,cyanurus,tarsiger,muscicapidae,passeriformes,Blauschwanz,,
14,luscinia,luscinia,muscicapidae,passeriformes,Sprosser,,
15,megarhynchos,luscinia,muscicapidae,passeriformes,Nachtigall,,
16,calliope,luscinia,muscicapidae,passeriformes,Rubinkehlchen,,
17,svecica,luscinia,muscicapidae,passeriformes,Blaukehlchen,RL V,
18,ochruros,phoenicurus,muscicapidae,passeriformes,Hausrotschwanz,,
19,phoenicurus,phoenicurus,muscicapidae,passeriformes,Gartenrotschwanz,,
20,isabellina,oenanthe,muscicapidae,passeriformes,Isabellsteinschmätzer,,
21,deserti,oenanthe,muscicapidae,passeriformes,Wüstensteinschmätzer,,
22,oenanthe,oenanthe,muscicapidae,passeriformes,Steinschmätzer,RL 1,
23,hispanicaOenanthe melanoleuca,oenanthe,muscicapidae,passeriformes,MaurensteinschmätzerBalkansteinschmätzer,,
24,pleschanka,oenanthe,muscicapidae,passeriformes,Nonnensteinschmätzer,,
25,leucopyga,oenanthe,muscicapidae,passeriformes,Saharasteinschmätzer,,
3,collaris,prunella,prunellidae,passeriformes,Alpenbraunelle,RL R,
4,modularis,prunella,prunellidae,passeriformes,Heckenbraunelle,,
5,atrogularis,prunella,prunellidae,passeriformes,Schwarzkehbraunelle,,
3,domesticus,passer,passeridae,passeriformes,Haussperling,RL V,
4,montanus,passer,passeridae,passeriformes,Feldsperling,RL V,
5,petronia,petronia,passeridae,passeriformes,Steinsperling,RL 0,
6,nivalis,montifringilla,passeridae,passeriformes,Schneesperling,RL R,
3,richardi,anthus,motacillidae,passeriformes,Spornpieper,,
4,godlewskii,anthus,motacillidae,passeriformes,Steppenpieper,,
5,campestris,anthus,motacillidae,passeriformes,Brachpieper,RL 1,
6,hodgsoni,anthus,motacillidae,passeriformes,Waldpieper,,
7,trivialis,anthus,motacillidae,passeriformes,Baumpieper,RL V,
8,pratensis,anthus,motacillidae,passeriformes,Wiesenpieper,RL V,
9,cervinus,anthus,motacillidae,passeriformes,Rotkehlpieper,,
10,rubescens,anthus,motacillidae,passeriformes,Pazifikpieper,,
11,spinoletta,anthus,motacillidae,passeriformes,Bergpieper,,
12,petrosus,anthus,motacillidae,passeriformes,Strandpieper,,
13,cinerea,motacilla,motacillidae,passeriformes,Gebirgsstelze,,
14,citreola,motacilla,motacillidae,passeriformes,Zitronenstelze,,
15,flava,motacilla,motacillidae,passeriformes,Wiesenschafstelze,,
16,flavissima,motacilla,motacillidae,passeriformes,Gelbkopf-Schafstelze,RL R,
17,feldegg,motacilla,motacillidae,passeriformes,Maskenschafstelze,,
18,cinereocapilla,motacilla,motacillidae,passeriformes,Aschkopf-Schafstelze,,
19,thunbergi,motacilla,motacillidae,passeriformes,Thunbergschafstelze,,
20,lutea,motacilla,motacillidae,passeriformes,Wolgaschafstelze,,
21,alba,motacilla,motacillidae,passeriformes,Bachstelze,,
22,yarrellii,motacilla,motacillidae,passeriformes,Trauerbachstelze,RL R,
3,coelebs,fringilla,fringillidae,passeriformes,Buchfink,,
4,montifringilla,fringilla,fringillidae,passeriformes,Bergfink,,
5,coccothraustes,coccothraustes,fringillidae,passeriformes,Kernbeißer,,
6,enucleator,pinicola,fringillidae,passeriformes,Hakengimpel,,
7,pyrrhula,pyrrhula,fringillidae,passeriformes,Gimpel,,
8,githagineus,bucanetes,fringillidae,passeriformes,Wüstengimpel,,
9,erythrinus,carpodacus,fringillidae,passeriformes,Karmingimpel,,
10,serinus,serinus,fringillidae,passeriformes,Girlitz,,
11,bifasciata,loxia,fringillidae,passeriformes,Bindenkreuzschnabel,,
12,pytyopsittacus,loxia,fringillidae,passeriformes,Kiefernkreuzschnabel,,
13,curvirostra,loxia,fringillidae,passeriformes,Fichtenkreuzschnabel,,
14,chloris,carduelis,fringillidae,passeriformes,Grünfink,,
15,carduelis,carduelis,fringillidae,passeriformes,Stieglitz,,
16,citrinella,carduelis,fringillidae,passeriformes,Zitronenzeisig,RL 3,
17,spinus,carduelis,fringillidae,passeriformes,Erlenzeisig,,
18,cannabina,carduelis,fringillidae,passeriformes,Bluthänfling,RL V,
19,flavirostris,carduelis,fringillidae,passeriformes,Berghänfling,,
20,cabaret,carduelis,fringillidae,passeriformes,Alpenbirkenzeisig,,
21,flammea,carduelis,fringillidae,passeriformes,Birkenzeisig,,
22,hornemanni,carduelis,fringillidae,passeriformes,Polarbirkenzeisig,,
3,lapponicus,calcarius,emberizidae,passeriformes,Spornammer,,
4,nivalis,calcaricus,emberizidae,passeriformes,Schneeammer,,
5,calandra,emberiza,emberizidae,passeriformes,Grauammer,RL 3,
6,citrinella,emberiza,emberizidae,passeriformes,Goldammer,,
7,leucocephalos,emberiza,emberizidae,passeriformes,Fichtenammer,Emberiza leucocephalos,
8,cirlus,emberiza,emberizidae,passeriformes,Zaunammer,RL 2,
9,cia,emberiza,emberizidae,passeriformes,Zippammer,RL 1,
10,cineracea,emberiza,emberizidae,passeriformes,Türkenammer,,
11,hortulana,emberiza,emberizidae,passeriformes,Ortolan,RL 3,
12,caesia,emberiza,emberizidae,passeriformes,Grauortolan,,
13,schoeniclus,emberiza,emberizidae,passeriformes,Rohrammer,,
14,pusilla,emberiza,emberizidae,passeriformes,Zwergammer,,
15,rustica,emberiza,emberizidae,passeriformes,Waldammer,,
16,spodocephala,emberiza,emberizidae,passeriformes,Maskenammer,,
17,melanocephala,emberiza,emberizidae,passeriformes,Kappenammer,,
18,bruniceps,emberiza,emberizidae,passeriformes,Braunkopfammer,,
19,aureola,emberiza,emberizidae,passeriformes,Weidenammer,,
20,americana,parula,emberizidae,passeriformes,Meisenwaldsänger,,
21,virens,dendroica,emberizidae,passeriformes,Grünwaldsänger,,
